instance_id,paper_class,public_result,result_exact,exit_status,turns,api_calls,instance_cost,edit_attempts,failed_edit_attempts,execution_actions,final_action,paper_actions_exact,model_patch_in_paper,paper_final_observation_exact,gold_patch_exact,model_patch_sha256,gold_patch_sha256,trajectory_blob,trajectory_sha256,evaluation_log_blob,evaluation_log_sha256,paper_tex_sha256
psf__requests-2317,successful,resolved,True,submitted,10,10,0.94091,2,0,1,submit,10,True,False,True,e92452ff94dcb29cffa99666dc793641d7b0b2b0ef1174ab80726fe2d8a1665c,0872efcd38b4abcdd617e0eae975776ccd044f49e970b71fcfc7ed9f2eddc143,23930e3e22a2014a7e326a6af940d8f5fa4aceb4,ffcfa31ef3d5cdd91cfffdb8542cf74d3bd323ac5dcc41a83c7131e863225c13,603ce553a29995e4560f90061756bd8f2c1fe583,065729ff52b21cf54d5bcbabdd210120096ac73e1efd6375d8f393773b9c1aa8,2dc8ca6005023c17c6c174f7cf3336b9b9e8e42eafcef3984dc1434fb0fef2fe
pylint-dev__pylint-5859,successful,resolved,True,submitted,13,13,1.23616,2,0,2,submit,13,True,True,True,21bd2b38157319604ad2f86cf22b209aca395f4a0586f8a78b2b955f9541be1b,5f38ed9700a8793767838f750d75f4774981b58d0acc07a0d38418bc85ed0c77,678ae068faadf611b5137c8b3a0a7ec6aeb04400,8030ccc7bc0d38bda4b3b9fa00e27a4d8ae9facb4d33911ead83fa759ab5691e,489fe7882772d97372e60c946779b33179ccc08a,8289c930ea4ea3452645c75382089d7deb56dda52c635a5fff46c57d73b29eef,ab8828909498ef7cd41cdabf187a7b4366cd963fb8464fab143e03b2cf54d5e4
sympy__sympy-21614,unsuccessful,applied_unresolved,True,submitted (exit_cost),33,33,4.14707,1,0,1,exit_cost,33,False,False,True,e222a5d4cb3b22db3c944609e93270bbf2eb861b65bff080600ddb09971ae6ba,b4671b1a99b4a7c3a18cab15c7753ce1f2e35eb8063d14bb5e0172210161dfdc,73e04387a7ffd5dabab6dcbc56a377125fdaa0b2,bd736492b1de0ed9e0cd844deb86919e56d17781f2a9733ff29ecf12794ba752,09d22dda3f1740b200a064d9e8fa4725884f32f4,3898cbb477b633f435ae216dcb270ba5eb741c8859623fc4e3b937e024efcd59,893de56d9b18b1143024cf704cdabee8501665509bd0c646045f66069f958a0e
django__django-14411,unsuccessful,applied_unresolved,True,submitted,16,16,1.65296,2,1,0,submit,16,True,True,True,a3553cb872ecfaf4c690f000140dfb030dd243ed2cd907e87b90fc5da0d3f163,4eed6ebee09bc7d99a2ded96d628054927be75ff84c798823283ba2f0d5bf313,ae9f0d8a3e95b7dc0481e0baba4a1c04b34ea842,330106bc8eb68999e9e7d94bcad3976986d57ca18c31dd29af063863897fb093,429f8823f3729adac2bc6f6791fc5d4591c8740f,b2407bc27445a0ebe3c650a2867e75cb8dd16dd4a43557b74876129157b25440,ec1d5471dc70f8afd9761c6ba2f9250fe3b8a93d403f85860459e5765ae170f7
